id;tegangan_R;tegangan_S;tegangan_T;arus_R;arus_S;arus_T;daya_R;daya_S;daya_T;frekuensi_R;frekuensi_S;frekuensi_T;arus_netral;avg;rasio_R;rasio_S;rasio_T;persen;Kondisi
1;221.24;211.55;215.07;6.68;7.14;7.23;1403.99;1434.94;1477.21;49.42;50.52;50.04;4.78;7.016666667;0.952019002;1.017577197;1.0304038;3.198733175;Seimbang
2;238.52;225.94;218.36;9.9;9.32;9.71;2243.28;2000.47;2014.26;49.05;49.05;49.96;3.69;9.643333333;1.02661597;0.966470792;1.006913239;2.235280562;Seimbang
3;231.96;226.22;215.31;8.16;9.51;8.59;1798.15;2043.78;1757.04;49.36;49.04;49.05;1.77;8.753333333;0.932216299;1.08644326;0.981340442;5.762883981;Seimbang
4;227.96;229.12;212.66;5.02;5.65;5.12;1087.14;1229.8;1034.38;50.17;49.65;49.68;1.48;5.263333333;0.953768208;1.073464218;0.972767574;4.897614524;Seimbang
5;214.68;231.78;213.62;4.77;4.66;5.44;972.82;1026.09;1103.99;49.84;49.98;49.76;1.75;4.956666667;0.962340282;0.940147949;1.097511769;6.500784577;Seimbang
6;214.68;239.28;223.82;9.83;9.04;9.79;2004.79;2054.94;2081.64;50.79;50.54;49.8;3.87;9.553333333;1.028960223;0.946266574;1.024773203;3.582228425;Seimbang
7;211.74;225.49;216.19;5.65;5.42;4.82;1136.51;1161.05;989.93;50.63;50.37;50.16;3.31;5.296666667;1.066708622;1.023285085;0.910006293;5.999580449;Seimbang
8;235.99;219.69;220.93;9.9;9.6;9.04;2219.49;2003.57;1897.35;49.68;49.89;50.07;0.93;9.513333333;1.040644709;1.009110021;0.95024527;3.316982014;Seimbang
9;228.03;233.86;225.1;8.9;8.71;8.84;1927.99;1935.07;1890.39;49.52;49.55;50.22;0.87;8.816666667;1.009451796;0.987901701;1.002646503;0.806553245;Seimbang
10;231.24;218.12;230.71;7.87;7.43;8.11;1728.87;1539.6;1777.51;49.76;50.99;50.53;0.49;7.803333333;1.008543358;0.952157198;1.039299445;3.189520148;Seimbang
11;210.62;223.17;211.18;6.26;6.3;5.57;1252.56;1335.67;1117.46;50.18;49.85;50.63;3.3;6.043333333;1.035852179;1.042471042;0.921676779;5.221548079;Seimbang
12;239.1;212.35;233.98;9.06;9.21;9.49;2057.93;1857.96;2109.45;49.54;49.9;50.44;3.82;9.253333333;0.979106628;0.995317003;1.025576369;1.705091258;Seimbang
13;234.97;210.76;228.84;6.57;6.37;7.3;1466.57;1275.41;1587.01;50.25;49.33;50.91;1.33;6.746666667;0.973814229;0.94416996;1.08201581;5.467720685;Seimbang
14;216.37;238.88;212.45;8.74;9.6;8.65;1796.52;2178.59;1745.81;49.82;50.59;49.04;0.1;8.996666667;0.971470915;1.067061875;0.96146721;4.470791651;Seimbang
15;215.45;235.08;236.21;8.16;7.18;8.12;1670.17;1603.48;1822.12;50.1;50.39;49.39;0.41;7.82;1.043478261;0.918158568;1.038363171;5.456095482;Seimbang
16;215.5;230.88;237.63;8.48;8.51;7.94;1736.07;1866.55;1792.44;49.87;49.44;49.02;4.84;8.31;1.02045728;1.024067389;0.955475331;2.968311272;Seimbang
17;219.13;222.27;211.83;4.63;5.12;4.52;963.84;1081.12;909.6;49.59;49.16;50.29;1.48;4.756666667;0.973370708;1.076384022;0.95024527;5.092268162;Seimbang
18;225.74;215.2;218.31;8.48;8.48;9.33;1818.56;1733.65;1934.99;50.9;50.36;50.8;3.85;8.763333333;0.967668315;0.967668315;1.06466337;4.31089134;Seimbang
19;222.96;214.69;234.19;6.49;6.16;6.21;1374.66;1256.37;1381.6;50.53;50.31;49.49;3.12;6.286666667;1.032343584;0.979851538;0.987804878;2.156238954;Seimbang
20;218.74;217.51;232.45;9.47;9.25;9.55;1967.89;1911.37;2108.9;49.28;49.55;50.85;1.91;9.423333333;1.004952246;0.981605943;1.013441811;1.226270487;Seimbang
21;228.36;226.48;215.54;6.64;7.27;6.04;1440.49;1564.18;1236.77;50.74;50.9;49.12;1.03;6.65;0.998496241;1.093233083;0.908270677;6.215538847;Seimbang
22;214.18;231.44;216.28;1.89;2;2.01;384.56;439.74;412.99;49.97;49.3;50.87;0.61;1.966666667;0.961016949;1.016949153;1.022033898;2.598870056;Seimbang
23;218.76;229.81;221.11;7.84;8.33;8.15;1629.32;1818.6;1711.94;50.79;49.86;49.7;3.08;8.106666667;0.967105263;1.027549342;1.005345395;2.192982456;Seimbang
24;220.99;218.4;224.54;5.31;5.16;5.49;1114.78;1070.6;1171.09;50.6;50.89;49.2;3.87;5.32;0.998120301;0.969924812;1.031954887;2.130325815;Seimbang
25;223.68;238.65;228.55;7.38;7.35;7.26;1568.22;1666.37;1576.31;49.85;49.84;49.97;3.22;7.33;1.006821282;1.002728513;0.990450205;0.636653024;Seimbang
26;233.56;232.14;221.07;6.86;8.1;7.42;1522.11;1786.32;1558.32;49.04;50.28;49.51;2.65;7.46;0.919571046;1.085790885;0.99463807;5.719392315;Seimbang
27;215.99;226.63;223.88;8.35;8.08;9.11;1713.34;1739.61;1937.57;49.54;49.8;49.57;0.21;8.513333333;0.980814409;0.949099452;1.070086139;4.672409293;Seimbang
28;225.43;228.35;232.42;7.01;6.13;6.87;1501.25;1329.8;1516.89;50.08;49.55;49.61;4.84;6.67;1.050974513;0.91904048;1.029985007;5.397301349;Seimbang
29;227.77;222.59;211.1;6.75;6.91;6.24;1460.58;1461.19;1251.4;50.27;50.97;50.61;3.99;6.633333333;1.01758794;1.041708543;0.940703518;3.953098827;Seimbang
30;211.39;217.43;217.57;7.11;8.17;7.48;1427.83;1687.58;1546.05;49.52;49.82;50.08;1.46;7.586666667;0.937170475;1.076889279;0.985940246;5.125951963;Seimbang
31;228.23;220.68;231.4;5.2;5.65;5.84;1127.46;1184.5;1283.81;49.28;50.79;49.62;4.9;5.563333333;0.934691432;1.015578191;1.049730377;4.353904534;Seimbang
32;215.12;232.74;236.86;8.1;9.39;8.85;1655.35;2076.16;1991.4;50.67;49.46;50.22;3.01;8.78;0.922551253;1.069476082;1.007972665;5.16324981;Seimbang
33;211.95;210.43;225.35;7.56;6.98;7.51;1522.22;1395.36;1607.76;50.97;49.43;50.43;2.91;7.35;1.028571429;0.949659864;1.021768707;3.35600907;Seimbang
34;238.47;213.48;225.96;5.2;4.37;4.83;1178.04;886.26;1036.82;50.05;49.06;49.55;3.74;4.8;1.083333333;0.910416667;1.00625;5.972222222;Seimbang
35;238.97;211.38;213.22;9.03;9.57;9.35;2050;1921.76;1893.93;49.34;50.3;49.83;4.06;9.316666667;0.969230769;1.027191413;1.003577818;2.051282051;Seimbang
36;234.25;211.22;223.42;8.4;7.94;9.21;1869.32;1593.23;1954.81;49.54;49.74;49.24;3.28;8.516666667;0.98630137;0.932289628;1.081409002;5.427266797;Seimbang
37;219.14;235.66;225.98;5.86;6.43;6.35;1219.95;1439.53;1363.22;49.04;50.73;49.36;0.64;6.213333333;0.943133047;1.034871245;1.021995708;3.791130186;Seimbang
38;212.93;231.11;217.27;8.16;8.46;7.37;1650.63;1857.43;1521.22;50.83;49.95;50.36;1.69;7.996666667;1.020425177;1.057940809;0.921634014;5.224399055;Seimbang
39;230.53;224.23;218.08;3.51;3.81;4.03;768.7;811.6;834.92;49.24;50.94;49.36;4.64;3.783333333;0.927753304;1.007048458;1.065198238;4.816446402;Seimbang
40;223.2;212.94;221.32;3.23;3.46;3.14;684.89;699.93;660.2;50.15;49.37;50.05;1.12;3.276666667;0.985757884;1.05595117;0.958290946;3.730077993;Seimbang
41;213.66;224.75;210.6;8.85;7.51;8.24;1796.35;1603.48;1648.58;49.55;50.74;50.42;1.86;8.2;1.079268293;0.915853659;1.004878049;5.609756098;Seimbang
42;224.86;224.2;219.66;7.71;8.3;8.29;1646.99;1767.82;1729.93;50.11;50.55;49.21;2.16;8.1;0.951851852;1.024691358;1.02345679;3.209876543;Seimbang
43;211.03;215.2;216.34;6.06;5.31;5.69;1214.9;1085.58;1169.43;50.3;50.54;50.13;2.2;5.686666667;1.065650645;0.933763189;1.000586166;4.415787417;Seimbang
44;237.28;223.02;219.82;9.68;8.67;8.92;2182.03;1836.9;1862.75;50.66;50.69;49.51;3.06;9.09;1.064906491;0.95379538;0.98129813;4.327099377;Seimbang
45;217.76;221.96;213.59;8.66;9.69;8.14;1791.51;2043.25;1651.69;49.41;50.52;50.93;4.72;8.83;0.980747452;1.097395243;0.921857305;6.493016233;Seimbang
46;229.88;228.48;236.72;7.16;7.53;6.53;1563.64;1634.43;1468.49;49.02;50.25;49.97;1.2;7.073333333;1.012252592;1.064561734;0.923185674;5.120955074;Seimbang
47;219.35;229.05;227.81;4.67;4.73;5.09;973.15;1029.24;1101.58;49.27;49.26;50.61;0.61;4.83;0.966873706;0.979296066;1.053830228;3.58868185;Seimbang
48;225.6;211.36;230.37;5.67;5.43;5.11;1215.19;1090.3;1118.33;50.8;49.07;50.1;0.99;5.403333333;1.049352252;1.004935225;0.945712523;3.619165124;Seimbang
49;226.4;221.24;233.68;8.31;8.84;9.1;1787.31;1857.97;2020.16;50.75;50.84;49.09;4.43;8.75;0.949714286;1.010285714;1.04;3.352380952;Seimbang
50;215.55;228.78;224.95;9.33;9.56;9.48;1910.53;2077.78;2025.9;50.19;50.23;50.27;3.23;9.456666667;0.986605569;1.010927036;1.002467395;0.892962049;Seimbang
51;239.09;225.09;212.61;8.08;9.43;8.31;1835.25;2016.47;1678.45;50.2;50.59;50.9;1.43;8.606666667;0.938807126;1.095662277;0.965530596;6.377485154;Seimbang
52;233.25;235.69;226.11;7.61;8.67;8.53;1686.28;1941.26;1832.28;50.33;49.96;50.2;4.08;8.27;0.92019347;1.048367594;1.031438936;5.320435308;Seimbang
53;238.18;229.76;227.61;3.52;3.26;3.57;796.47;711.57;771.94;49.35;49.23;50.64;4.31;3.45;1.020289855;0.944927536;1.034782609;3.671497585;Seimbang
54;236.84;214.89;232.36;9.9;8.38;8.74;2227.48;1710.74;1929.29;50.83;49.25;50.77;4.23;9.006666667;1.099185788;0.93042191;0.970392302;6.612385887;Seimbang
55;227.94;212.12;222.95;9.4;9.01;9.14;2035.5;1815.64;1935.87;49.84;50.37;49.46;4.59;9.183333333;1.023593466;0.981125227;0.995281307;1.572897762;Seimbang
56;237.66;229.27;213.83;9.22;7.98;8.62;2081.66;1738.1;1751.05;49.77;49.86;49.42;1.26;8.606666667;1.071262587;0.927188226;1.001549187;4.854118255;Seimbang
57;212.65;210.8;218.51;7.53;7;7.57;1521.19;1401.82;1571.41;50.04;49.4;50.22;3.78;7.366666667;1.022171946;0.950226244;1.02760181;3.318250377;Seimbang
58;215.88;227.57;220.89;8.84;8.05;9.52;1812.96;1740.34;1997.73;49.09;49.98;49.82;2.3;8.803333333;1.004165089;0.914426354;1.081408557;5.704909756;Seimbang
59;211.36;238.21;229.38;4.84;4.34;4.22;971.83;982.14;919.58;49.33;49.13;50.68;4.21;4.466666667;1.08358209;0.971641791;0.944776119;5.572139303;Seimbang
60;219.76;227.26;227.12;7.81;6.92;6.66;1630.51;1494.01;1436.99;50.48;50.16;50.8;3.64;7.13;1.095371669;0.970546985;0.934081346;6.358111267;Seimbang
61;221.66;221.65;220.68;3.04;3.33;3.04;640.15;701.19;637.32;49.17;49.54;49.71;3.88;3.136666667;0.969181722;1.061636557;0.969181722;4.10910379;Seimbang
62;218.14;229.3;239.6;9.5;9.82;8.37;1968.71;2139.14;1905.18;50.21;50.6;49.47;3.28;9.23;1.029252438;1.063921993;0.906825569;6.211628747;Seimbang
63;234.86;223.75;228.17;6.55;6.87;6.12;1461.42;1460.3;1326.58;49.49;49.62;50.56;0.89;6.513333333;1.005629478;1.054759468;0.939611054;4.025929717;Seimbang
64;220.7;226.37;217.12;3.83;4.13;4.12;803.02;888.16;849.81;49.78;49.91;49.55;2.73;4.026666667;0.95115894;1.025662252;1.023178808;3.25607064;Seimbang
65;218.43;238.24;213.05;4.32;4.66;4.85;896.44;1054.69;981.63;49.58;49.02;50.65;4.92;4.61;0.937093275;1.010845987;1.052060738;4.193781634;Seimbang
66;226.28;221.58;214.59;4.32;4.16;4.65;928.65;875.68;947.95;49.71;49.14;49.85;4.69;4.376666667;0.987052551;0.95049505;1.062452399;4.163493272;Seimbang
67;214.23;238.84;217.38;7.62;7.13;7.27;1550.81;1617.78;1501.33;50.44;49.78;50.34;0.22;7.34;1.038147139;0.971389646;0.990463215;2.543142598;Seimbang
68;234.07;237.16;214.82;9.55;9.87;9.83;2123.6;2223.73;2006.1;49.59;49.96;49.19;0.82;9.75;0.979487179;1.012307692;1.008205128;1.367521368;Seimbang
69;212.24;215.87;215.6;7.91;8.2;9.03;1594.88;1681.63;1849.52;50.13;50.2;50.25;0.66;8.38;0.943914081;0.978520286;1.077565632;5.171042164;Seimbang
70;239.61;212.08;218.55;6.12;7.09;6.46;1393.09;1428.46;1341.24;49.95;49.58;49.9;3.63;6.556666667;0.933401118;1.081342145;0.985256736;5.422809693;Seimbang
71;233.17;213.02;215.2;6.52;6.72;6.23;1444.25;1359.92;1273.66;50.33;50.39;50.17;4.09;6.49;1.004622496;1.035439137;0.959938367;2.670775552;Seimbang
72;215.96;210.55;236.9;7.83;8.21;9.18;1606.42;1642.18;2066;50.87;50.72;49.34;1.07;8.406666667;0.931403648;0.976605868;1.091990484;6.132698916;Seimbang
73;210.17;212.83;212.41;6.08;6.3;6.86;1213.94;1273.79;1384.28;50.47;50.56;50.47;2.53;6.413333333;0.948024948;0.982328482;1.06964657;4.643104643;Seimbang
74;234.46;230.49;225.74;7.36;7.48;7.91;1639.34;1637.86;1696.32;49.43;49.08;50.73;4.2;7.583333333;0.970549451;0.986373626;1.043076923;2.871794872;Seimbang
75;231.21;212.14;222.31;6.2;7.11;7.31;1361.83;1432.9;1543.83;49.06;49.96;49.43;3.66;6.873333333;0.902036857;1.03443259;1.063530553;6.530876172;Seimbang
76;231.87;219.57;239.47;4.46;4.8;5.08;982.43;1001.24;1155.68;49.52;49.21;49.19;2.71;4.78;0.933054393;1.0041841;1.062761506;4.463040446;Seimbang
77;233.14;235.35;213.36;7.47;8.87;8.08;1654.48;1983.18;1637.75;50.19;49.48;49.05;2.95;8.14;0.917690418;1.08968059;0.992628993;5.978705979;Seimbang
78;212.22;210.7;221.94;8.32;8.46;8.79;1677.39;1693.4;1853.31;49.1;50.97;50.28;2.54;8.523333333;0.976143919;0.992569417;1.031286664;2.085777604;Seimbang
79;220.75;234.43;239.08;9.17;8.53;8.68;1923.06;1899.7;1971.45;49.99;49.28;50.21;1.49;8.793333333;1.042835481;0.970053071;0.987111448;2.855698762;Seimbang
80;213.48;218.46;235.97;9.68;9.29;8.87;1963.16;1928.02;1988.4;50.19;50;50.09;2.83;9.28;1.043103448;1.001077586;0.955818966;2.945402299;Seimbang
81;235.89;213.54;234.51;7.12;6.65;6.6;1595.56;1349.04;1470.38;49.67;50.24;49.46;3.44;6.79;1.048600884;0.979381443;0.972017673;3.24005891;Seimbang
82;228.7;230.9;217.74;7.9;8.12;7.08;1716.39;1781.16;1464.52;50.54;50.4;49.78;4.37;7.7;1.025974026;1.054545455;0.919480519;5.367965368;Seimbang
83;219.93;228.87;215.13;8.71;8.23;8.52;1819.81;1789.42;1741.26;49.21;50.12;50.19;3.18;8.486666667;1.026315789;0.969756481;1.00392773;2.016234616;Seimbang
84;211.91;236.32;230.06;2.38;2.41;2.56;479.13;541.05;559.51;49.15;49.02;49.99;3.81;2.45;0.971428571;0.983673469;1.044897959;2.993197279;Seimbang
85;219.33;232.05;237.88;6.53;5.75;6.48;1360.61;1267.57;1464.39;50.46;49.65;50.98;0.8;6.253333333;1.04424307;0.919509595;1.036247335;5.366027008;Seimbang
86;219.76;234.1;226.7;9.35;8.96;8.99;1952.02;1992.66;1936.13;49.99;50.04;49.27;2.31;9.1;1.027472527;0.984615385;0.987912088;1.831501832;Seimbang
87;231.89;218.46;227.15;7.58;8.91;8.76;1669.84;1849.15;1890.34;50.38;49.18;50.39;0.05;8.416666667;0.900594059;1.058613861;1.040792079;6.627062706;Seimbang
88;229.13;215.32;218.4;4.65;4.29;3.85;1012.18;877.54;798.8;49.87;49.7;49.81;1.23;4.263333333;1.090695856;1.006254887;0.903049257;6.463382851;Seimbang
89;236.62;232.52;233.08;5.58;5.12;5.19;1254.32;1130.98;1149.2;49.49;49.07;49.86;3.63;5.296666667;1.053492763;0.966645689;0.979861548;3.566184183;Seimbang
90;224.17;234.21;215.61;6.05;6.68;6.4;1288.42;1486.3;1310.91;50.64;49.16;50.44;4.96;6.376666667;0.948771563;1.047569263;1.003659174;3.415229134;Seimbang
91;213.59;239.72;219.71;6.99;6.86;7.69;1418.34;1562.26;1605.09;50.6;49.79;50.38;0.5;7.18;0.973537604;0.955431755;1.071030641;4.735376045;Seimbang
92;231.4;222.38;222.76;5.29;5.47;5.65;1162.9;1155.6;1195.66;50.39;49.27;50.98;2.01;5.47;0.967093236;1;1.032906764;2.193784278;Seimbang
93;232.82;221.16;225.23;6.28;6.72;6.96;1389;1411.89;1489.22;49.54;50.14;49.26;4;6.653333333;0.943887776;1.01002004;1.046092184;3.740814963;Seimbang
94;226.84;233.29;217.27;7.34;6.99;6.71;1581.76;1549.16;1384.99;50.18;50.38;49.21;1.02;7.013333333;1.046577947;0.996673004;0.956749049;3.105196451;Seimbang
95;233.13;220.22;213.45;4.2;3.78;3.75;930.19;790.81;760.42;49.72;50.6;50.45;2.78;3.91;1.074168798;0.966751918;0.959079284;4.94458653;Seimbang
96;224.81;237.92;228.32;6.42;6.31;7.2;1371.12;1426.21;1561.71;49.18;49.4;50.16;3.67;6.643333333;0.966382338;0.949824385;1.083793276;5.586218431;Seimbang
97;225.68;235.75;218.66;6;7.14;6.67;1286.38;1599.09;1385.54;50.83;49.33;49.55;3.08;6.603333333;0.908632004;1.081272085;1.010095911;6.091199731;Seimbang
98;222.83;222.87;227.44;4.33;4.28;4.16;916.61;906.19;898.84;49.27;49.21;49.16;0.94;4.256666667;1.017227878;1.005481597;0.977290525;1.513965022;Seimbang
99;210.76;232.53;214.63;7.05;7.51;7.62;1411.57;1658.99;1553.71;50.9;50.27;49.17;1.78;7.393333333;0.953561767;1.015779982;1.030658251;3.095882176;Seimbang
100;213.24;232.64;224.43;6.72;5.75;5.92;1361.32;1270.8;1262.19;49.89;50.41;50.79;3.92;6.13;1.096247961;0.938009788;0.965742251;6.416530723;Seimbang
101;210.94;213.09;225.98;8.98;9.51;6.77;1799.53;1925.16;1453.39;49.37;49.06;49.38;2.77;8.42;1.066508314;1.129453682;0.804038005;13.06413302;Kurang Seimbang
102;229.09;237.08;211.55;4.56;5.25;4.41;992.42;1182.44;886.29;50.08;50.87;49.65;0.03;4.74;0.962025316;1.107594937;0.930379747;7.172995781;Seimbang
103;219.43;225.16;220.1;6.46;8.72;7.24;1346.64;1865.23;1513.85;50.75;49.1;49.45;3.8;7.473333333;0.86440678;1.166815343;0.968777877;11.1210229;Kurang Seimbang
104;225.26;234.79;214.03;7.97;8.85;9.76;1705.56;1974;1984.49;50.46;50.08;49.71;0.18;8.86;0.899548533;0.998871332;1.101580135;6.772009029;Seimbang
105;237.23;219.6;211.9;9.01;7.93;6.32;2030.57;1654.36;1272.25;50.61;50.42;49.14;3.73;7.753333333;1.162080825;1.022785899;0.815133276;12.32444827;Kurang Seimbang
106;217.48;236.87;239.7;6.14;4.48;4.9;1268.56;1008.12;1115.8;50.32;50.74;50.04;1.01;5.173333333;1.18685567;0.865979381;0.947164948;12.45704467;Kurang Seimbang
107;222.31;221.68;219.67;6.49;8.27;9.41;1370.65;1741.63;1963.74;50.38;50.43;49.14;4.79;8.056666667;0.805544063;1.026479106;1.167976831;12.96372914;Kurang Seimbang
108;232.67;210.33;234.3;4.77;4.08;3.64;1054.34;815.24;810.21;50.7;50.6;50.6;1.84;4.163333333;1.145716573;0.979983987;0.87429944;9.714438217;Seimbang
109;216.86;237.16;217.64;8.97;9.59;6.79;1847.97;2160.65;1403.89;49.5;49.68;49.47;1.63;8.45;1.061538462;1.134911243;0.803550296;13.09664694;Kurang Seimbang
110;212.31;212.74;230.45;5.07;4.3;6.06;1022.59;869.04;1326.7;49.98;50.63;50.08;0.74;5.143333333;0.985742061;0.836033701;1.178224238;11.8816159;Kurang Seimbang
111;218.69;219.58;232.81;8.96;7.67;6.64;1861.49;1599.97;1468.57;49.44;49.16;50.76;1.53;7.756666667;1.155135367;0.988826816;0.856037817;10.34235783;Kurang Seimbang
112;214.84;238.5;227.87;5.57;4.26;5.5;1136.83;965.21;1190.62;50.98;50.79;50.3;4.38;5.11;1.090019569;0.833659491;1.076320939;11.08936725;Kurang Seimbang
113;237.89;238.52;224.15;6.47;7.72;8.99;1462.19;1749.31;1914.35;50.89;50.1;50.07;4.98;7.726666667;0.837359793;0.999137187;1.16350302;10.90020132;Kurang Seimbang
114;234.24;227.2;222.36;6.64;5.01;5.74;1477.59;1081.36;1212.53;49.08;50.63;49.65;1.84;5.796666667;1.145485911;0.864289822;0.990224267;9.699060763;Seimbang
115;229;228.96;220.47;6.09;8.55;6.84;1324.88;1859.73;1432.61;50.41;49.9;49.67;2.24;7.16;0.850558659;1.194134078;0.955307263;12.94227188;Kurang Seimbang
116;236.14;223.45;237.89;4.82;4.16;5.98;1081.29;883.07;1351.45;50.85;50.29;50.34;3.61;4.986666667;0.96657754;0.834224599;1.199197861;13.2798574;Kurang Seimbang
117;234.11;218.8;234.92;7.11;5.51;7.62;1581.3;1145.31;1700.59;49.36;50.05;50.99;4.43;6.746666667;1.053853755;0.816699605;1.12944664;12.22002635;Kurang Seimbang
118;215.6;219.86;238.95;4.16;5.69;5.43;852.05;1188.45;1232.62;50.14;50.46;50.32;2.97;5.093333333;0.816753927;1.117146597;1.066099476;12.21640489;Kurang Seimbang
119;236.78;230.18;213.73;6.27;6.32;5.23;1410.38;1382;1061.92;50.83;49.16;50.12;1.96;5.94;1.055555556;1.063973064;0.88047138;7.968574635;Seimbang
120;226.18;232.57;231.93;7.86;7.07;9.89;1688.89;1562.06;2179.1;49.07;49.12;50.46;2.06;8.273333333;0.95004029;0.85455278;1.19540693;13.02712866;Kurang Seimbang
121;234.22;233.75;238.15;9.43;7.96;7.2;2098.26;1767.62;1628.95;50.39;49.49;49.93;3.48;8.196666667;1.15046767;0.971126474;0.878405856;10.03117799;Kurang Seimbang
122;236.88;233.69;215.44;7.98;6.23;7.39;1795.79;1383.09;1512.5;49.59;49.32;49.12;0.02;7.2;1.108333333;0.865277778;1.026388889;8.981481481;Seimbang
123;219.54;212.74;211.99;7.32;6.92;8.76;1526.68;1398.55;1764.18;50.85;50.74;50.12;3.1;7.666666667;0.954782609;0.902608696;1.142608696;9.507246377;Seimbang
124;213.3;224.83;232.23;8.14;7.04;6.62;1649.45;1503.66;1460.49;50.94;49.44;50.92;1.78;7.266666667;1.120183486;0.968807339;0.911009174;8.012232416;Seimbang
125;216.84;211.73;227.23;7.61;6.96;8.89;1567.64;1399.96;1919.07;50.89;50.95;49.35;3.97;7.82;0.97314578;0.890025575;1.136828645;9.121909633;Seimbang
126;222.81;226.49;235.25;4.36;4.51;5.25;922.88;970.4;1173.31;49.95;49.67;50.38;0.46;4.706666667;0.926345609;0.958215297;1.115439093;7.695939566;Seimbang
127;234.54;223.25;214.19;5.45;7.05;7.79;1214.33;1495.22;1585.11;50.72;49.36;49.4;2.94;6.763333333;0.805815673;1.042385412;1.151798916;12.94562182;Kurang Seimbang
128;235.82;236.63;233.86;3.56;4.65;5.08;797.54;1045.31;1128.61;50.69;50.58;50.07;2.4;4.43;0.803611738;1.0496614;1.146726862;13.09255079;Kurang Seimbang
129;210.21;220.53;216.05;4.29;3.3;3.82;856.71;691.36;784.05;49.64;50.32;49.19;3.21;3.803333333;1.127957932;0.867659947;1.004382121;8.822670172;Seimbang
130;225.32;213.51;214.91;6.68;6.5;5.06;1429.88;1318.42;1033.07;50.66;50;49.9;0.32;6.08;1.098684211;1.069078947;0.832236842;11.18421053;Kurang Seimbang
131;222.52;214.29;214.93;5.65;7.54;6.88;1194.38;1534.96;1404.78;49.07;50.11;50.51;2.9;6.69;0.844544096;1.127055306;1.028400598;10.36372696;Kurang Seimbang
132;216.66;232.85;234.44;6.8;7.35;8.82;1399.62;1625.88;1964.37;50.19;50.44;49.7;2.81;7.656666667;0.888114933;0.959947758;1.15193731;10.12915397;Kurang Seimbang
133;213.6;228.55;229.96;8.68;7.73;6.92;1761.35;1678.36;1511.76;49.46;49.46;50.33;2.8;7.776666667;1.116159451;0.993999143;0.889841406;7.743963423;Seimbang
134;220.13;213.03;225.69;5.01;6.85;6.2;1047.71;1386.29;1329.31;49.24;50.99;50.59;3.02;6.02;0.832225914;1.137873754;1.029900332;11.18493909;Kurang Seimbang
135;238.29;212.52;220.76;5.67;6.02;7.37;1283.55;1215.4;1545.65;49.15;50.95;50.85;3.38;6.353333333;0.892444911;0.947534103;1.160020986;10.66806576;Kurang Seimbang
136;219.7;231.03;236.32;6.32;8.38;8.98;1319.08;1839.23;2016.05;50.39;50.3;49.47;4.02;7.893333333;0.800675676;1.061655405;1.137668919;13.28828829;Kurang Seimbang
137;225.56;212.18;221.77;7.6;6.05;6.95;1628.54;1219.5;1464.24;49.68;49.4;49.8;1.35;6.866666667;1.106796117;0.881067961;1.012135922;7.928802589;Seimbang
138;231.09;234.66;234.5;8.72;7.32;9.91;1914.35;1631.83;2207.7;50.45;50.36;49.3;4.13;8.65;1.008092486;0.846242775;1.14566474;10.2504817;Kurang Seimbang
139;220.91;231.19;223.17;5.99;7.57;6.27;1257.09;1662.6;1329.31;49.13;49.14;50.98;2.49;6.61;0.906202723;1.145234493;0.948562784;9.682299546;Seimbang
140;239.15;212.44;221.31;5.38;5.96;7.54;1222.3;1202.84;1585.24;49.63;49.06;50.85;0.39;6.293333333;0.854872881;0.947033898;1.19809322;13.20621469;Kurang Seimbang
141;238.87;212.55;223.88;9.96;7.72;8.08;2260.19;1558.84;1718.5;50.08;49.52;50.08;0.29;8.586666667;1.159937888;0.899068323;0.940993789;10.66252588;Kurang Seimbang
142;217.55;239.6;219.04;7.76;9.33;9.43;1603.78;2123.69;1962.27;50.58;49.93;50.68;1.67;8.84;0.877828054;1.055429864;1.066742081;8.14479638;Seimbang
143;224.92;221.23;232.43;5.55;6.91;7.1;1185.89;1452.26;1567.74;49.64;50.74;50.04;3.92;6.52;0.851226994;1.059815951;1.088957055;9.918200409;Seimbang
144;219.03;221.12;225.08;7.73;9.3;6.23;1608.45;1953.6;1332.14;50.25;50.45;50.25;3.54;7.753333333;0.996990542;1.199484093;0.803525365;13.29893952;Kurang Seimbang
145;218.55;234.38;216.97;7.14;9.19;9.35;1482.42;2046.25;1927.24;50.77;50.49;49.18;3.94;8.56;0.83411215;1.073598131;1.09228972;11.05919003;Kurang Seimbang
146;211.11;238.42;236.99;5.73;7.6;6.21;1149.18;1721.39;1398.12;50.23;49.85;50.51;2.59;6.513333333;0.879733879;1.166837257;0.953428864;11.12248379;Kurang Seimbang
147;228.29;239.58;221.52;5.06;6.2;6.72;1097.39;1411.13;1414.18;49.47;49.69;49.26;2.2;5.993333333;0.844271413;1.034482759;1.121245829;10.38190582;Kurang Seimbang
148;225.08;232.6;226.31;6.6;6.37;8.05;1411.25;1407.58;1730.71;49.05;49.74;50.65;0.74;7.006666667;0.941960038;0.909134158;1.148905804;9.9270536;Seimbang
149;211.54;221.29;237.19;4.15;5.06;3.66;834;1063.74;824.71;50.74;50.98;50.56;1.64;4.29;0.967365967;1.179487179;0.853146853;11.96581197;Kurang Seimbang
150;218.36;212.51;228.73;3.56;4.17;3.3;738.49;841.86;717.07;49.04;49.08;50.42;2.17;3.676666667;0.968268359;1.13417951;0.897552131;8.945300695;Seimbang
151;237.25;233.31;213.51;7.34;6.7;5.62;1654.34;1485.02;1139.93;50.75;50.73;49.07;0.44;6.553333333;1.120040692;1.022380468;0.85757884;9.494743981;Seimbang
152;217.19;226.75;238.19;8.7;6.06;7.66;1795.08;1305.4;1733.31;50.06;50.16;49.61;1.1;7.473333333;1.164139161;0.81088314;1.024977698;12.60779066;Kurang Seimbang
153;214.35;222.73;228.83;6.96;6.7;8.98;1417.28;1417.68;1952.15;50.88;49.88;49.53;2.99;7.546666667;0.922261484;0.887809187;1.189929329;12.66195524;Kurang Seimbang
154;224.68;237.19;220.05;8.6;7.58;9.92;1835.64;1708.01;2073.75;50.6;50.45;49.72;3.68;8.7;0.988505747;0.871264368;1.140229885;9.348659004;Seimbang
155;239.57;213.34;214.18;9.07;7.15;6.58;2064.25;1449.11;1338.84;51;49.97;49.18;4.99;7.6;1.193421053;0.940789474;0.865789474;12.89473684;Kurang Seimbang
156;217.26;224.78;233.82;3.87;4.75;3.52;798.76;1014.32;781.89;49.7;50.75;50.87;4.67;4.046666667;0.956342669;1.173805601;0.86985173;11.58704009;Kurang Seimbang
157;230.16;210.34;228.6;4.77;4.59;5.77;1042.97;917.19;1253.07;50.53;50.8;50.11;3.21;5.043333333;0.94580304;0.91011236;1.1440846;9.605640009;Seimbang
158;232.85;224.06;226;9.79;7.79;8.05;2165.62;1658.16;1728.34;49.8;49.84;49.61;2.11;8.543333333;1.145922747;0.911822083;0.94225517;9.728183119;Seimbang
159;217.13;211.69;236.82;9.21;7.55;8.91;1899.78;1518.35;2004.56;49.96;49.55;49.79;3.18;8.556666667;1.07635372;0.882352941;1.041293339;7.843137255;Seimbang
160;231.85;213.56;233.66;8.53;7.03;6.2;1878.8;1426.26;1376.26;50.26;50.18;49.89;3.93;7.253333333;1.176011029;0.969209559;0.854779412;11.73406863;Kurang Seimbang
161;221.03;213.53;214.55;7.33;6.14;8.59;1539.14;1245.52;1750.84;50.75;50.82;50.2;0.59;7.353333333;0.996826836;0.834995467;1.168177697;11.21184648;Kurang Seimbang
162;228.97;229.48;219.35;5.77;7.92;7.7;1255.1;1726.61;1604.55;50.97;49.42;50.03;2.05;7.13;0.809256662;1.110799439;1.079943899;12.71622253;Kurang Seimbang
163;229.01;232.38;217.45;7.17;9.91;7.71;1559.9;2187.74;1592.71;50.54;50.25;50.84;4.2;8.263333333;0.867688584;1.199273901;0.933037515;13.28492672;Kurang Seimbang
164;226.07;227.5;232.32;6.13;7.79;6.15;1316.52;1683.61;1357.33;49.84;50.26;49.99;1.92;6.69;0.916292975;1.164424514;0.919282511;10.96163428;Kurang Seimbang
165;212.71;238.87;211.01;8.36;7.5;9.34;1689.34;1701.95;1872.29;49.84;50.47;50.98;2.86;8.4;0.995238095;0.892857143;1.111904762;7.46031746;Seimbang
166;235.06;221.25;227.1;9.18;9.41;7.9;2049.96;1977.86;1704.39;50.48;49.26;50.7;2.94;8.83;1.039637599;1.065685164;0.894677237;7.021517554;Seimbang
167;219.62;218.57;232.87;6.89;8.15;8.55;1437.52;1692.28;1891.49;49.48;50.43;49.42;0.92;7.863333333;0.876218737;1.036456125;1.087325138;8.252084216;Seimbang
168;215.6;236.06;236.3;6.31;5.35;4.77;1292.41;1199.77;1070.79;49.22;50.82;50.86;1.81;5.476666667;1.152160682;0.976871576;0.870967742;10.14404545;Kurang Seimbang
169;211.22;216.71;220.26;9.81;8.25;8.63;1968.46;1698.46;1805.8;49.71;49.36;49.23;1.67;8.896666667;1.102660172;0.927313601;0.970026227;6.84401149;Seimbang
170;227.73;238.9;234.64;5.44;6.49;5.42;1176.91;1472.94;1208.16;49.57;49.48;50.63;0.13;5.783333333;0.940634006;1.122190202;0.937175793;8.146013449;Seimbang
171;230.33;210.36;213.32;6.95;6.5;5.21;1520.75;1298.97;1055.83;49.59;50.94;49.76;0.12;6.22;1.117363344;1.045016077;0.837620579;10.82529475;Kurang Seimbang
172;210.5;239.1;235.39;7.29;9.32;9.02;1457.82;2116.99;2017.06;49.47;49.36;50.76;4.16;8.543333333;0.853296918;1.090909091;1.055793991;9.780205488;Seimbang
173;225.36;211.29;213.82;7.16;5.39;7.47;1532.9;1081.91;1517.37;49.08;50.71;50.74;1.37;6.673333333;1.072927073;0.807692308;1.119380619;12.82051282;Kurang Seimbang
174;216.79;236.73;221.92;7.88;5.44;6.53;1622.89;1223.42;1376.68;49.04;49.98;50.61;2.59;6.616666667;1.19093199;0.822166247;0.986901763;12.72879933;Kurang Seimbang
175;229.36;225.83;233.92;6.98;7.64;8.86;1520.89;1639.07;1968.9;50.98;49.49;50.58;1.49;7.826666667;0.891822828;0.976149915;1.132027257;8.801817149;Seimbang
176;215.23;239.79;214.5;5.14;4.15;5.89;1050.97;945.37;1200.23;49.86;50.74;49.61;4.7;5.06;1.015810277;0.820158103;1.164031621;11.98945982;Kurang Seimbang
177;230.73;212.21;216.88;6.79;7.35;5.16;1488.32;1481.76;1063.15;49.77;49.89;49.16;1.3;6.433333333;1.055440415;1.142487047;0.802072539;13.19516408;Kurang Seimbang
178;221.6;226.62;231.67;7.65;9.42;7.31;1610.48;2028.02;1608.83;50.36;50.03;49.81;2.15;8.126666667;0.941345365;1.159146842;0.899507793;10.60978944;Kurang Seimbang
179;238.1;239.08;231.6;9.11;8.03;7.67;2060.64;1823.82;1687.55;49.44;49.72;49.35;4.36;8.27;1.101571947;0.970979444;0.927448609;6.77146312;Seimbang
180;214.13;225.69;229.23;5.54;5.66;4.5;1126.97;1213.54;979.96;50.9;50.19;50.39;4.21;5.233333333;1.058598726;1.081528662;0.859872611;9.341825902;Seimbang
181;220.23;228.88;230.82;4.98;4.62;3.72;1041.91;1004.55;815.72;50.57;49.33;49.69;0.93;4.44;1.121621622;1.040540541;0.837837838;10.81081081;Kurang Seimbang
182;213.4;230.87;226.28;7.1;8.5;6.08;1439.38;1864.28;1306.99;49.18;49.78;50.95;4.01;7.226666667;0.982472325;1.176199262;0.841328413;11.74661747;Kurang Seimbang
183;237.74;223.64;217.55;3.79;4.78;3.97;855.98;1015.55;820.49;49.84;50.94;50.28;2.29;4.18;0.906698565;1.14354067;0.949760766;9.56937799;Seimbang
184;236.32;228.83;220.37;6;7.92;7.18;1347.02;1721.72;1503.14;50.76;49.52;50.64;2.41;7.033333333;0.853080569;1.126066351;1.020853081;9.794628752;Seimbang
185;217.74;227.53;215.45;7.43;5.73;6.87;1536.92;1238.56;1406.13;50.89;50.31;49.27;0.67;6.676666667;1.112830754;0.858212681;1.028956565;9.452487935;Seimbang
186;229.8;237.03;237.25;7.66;6.21;5.72;1672.25;1398.36;1289.22;49.93;49.65;50.72;0.4;6.53;1.173047473;0.950995406;0.875957121;11.53649821;Kurang Seimbang
187;234.52;211.36;227.5;9.39;7.65;6.94;2092.04;1536.06;1499.91;50.23;50.55;50.85;3.64;7.993333333;1.174728941;0.95704754;0.86822352;11.64859605;Kurang Seimbang
188;226.66;218.43;222.03;4.13;5.35;4.35;889.3;1110.17;917.54;49.33;49.26;49.97;2.48;4.61;0.895878525;1.160520607;0.943600868;10.70137383;Kurang Seimbang
189;225.89;238.51;223.86;4.87;3.98;4.64;1045.08;901.81;986.77;50.98;50.94;50.21;2.18;4.496666667;1.083024463;0.885100074;1.031875463;7.659995058;Seimbang
190;217.26;236.71;238.42;6.59;8.04;5.55;1360.16;1807.99;1257.07;49.46;49.91;50.53;3.65;6.726666667;0.979682854;1.195242815;0.825074331;13.01618764;Kurang Seimbang
191;212.79;223.67;214.6;6.31;8.06;6.5;1275.57;1712.64;1325.15;50.89;49.47;49.35;3.83;6.956666667;0.907043603;1.158600862;0.934355534;10.57339083;Kurang Seimbang
192;236.92;228.6;227.59;7.51;5.71;7.32;1690.31;1240.04;1582.66;50.3;49.15;50.01;0.79;6.846666667;1.096884129;0.833982473;1.069133398;11.06783512;Kurang Seimbang
193;237.01;218.32;225.18;8.11;8.52;6.17;1826.04;1767.08;1319.89;50.22;49.34;49.8;3.05;7.6;1.067105263;1.121052632;0.811842105;12.54385965;Kurang Seimbang
194;228.99;215.64;228.34;2.34;2.41;3;509.04;493.71;650.77;50.03;50.04;49.29;0.68;2.583333333;0.905806452;0.932903226;1.161290323;10.75268817;Kurang Seimbang
195;220.17;223.91;210.54;8.04;9.53;7.16;1681.66;2027.17;1432.09;49.46;49.67;49.74;3.76;8.243333333;0.975333603;1.156085726;0.868580671;10.40571506;Kurang Seimbang
196;220.48;220.6;236.16;7.93;7.84;6.13;1660.99;1643.03;1375.28;49.35;50.66;49.14;3.28;7.3;1.08630137;1.073972603;0.839726027;10.68493151;Kurang Seimbang
197;231.78;227.51;237.96;7.56;9.81;8.14;1664.64;2120.28;1840.14;49.44;49.86;49.05;4.78;8.503333333;0.889063113;1.153665229;0.957271658;10.24434862;Kurang Seimbang
198;236.91;212.33;226.95;7.39;7.74;6;1663.23;1561.26;1293.61;49.37;49.5;49.27;0.34;7.043333333;1.04921912;1.0989115;0.85186938;9.875374665;Seimbang
199;236.61;239.23;230.9;6.7;7.6;8.68;1506.02;1727.24;1904;50.56;50.23;50.93;0.29;7.66;0.874673629;0.992167102;1.133159269;8.877284595;Seimbang
200;233.4;239.59;237.67;7.36;5.7;7.75;1631.93;1297.38;1749.85;49.7;50.41;50.1;1.41;6.936666667;1.061028352;0.821720327;1.117251321;11.88531155;Kurang Seimbang
201;229.26;230.94;231.22;8.02;5;1.22;1746.73;1096.96;267.98;49.12;49.33;50.93;1.31;4.746666667;1.689606742;1.053370787;0.257022472;49.53183521;Sangat Tidak Seimbang
202;212.52;226.08;214.58;1.35;6.3;9.13;272.56;1353.09;1861.16;50.94;49.34;49.86;1.23;5.593333333;0.24135876;1.126340882;1.632300358;50.57608264;Sangat Tidak Seimbang
203;214.85;219.29;227.29;6.42;9.9;1.26;1310.37;2062.42;272.07;50.77;49.07;49.62;4.53;5.86;1.09556314;1.689419795;0.215017065;52.33219568;Sangat Tidak Seimbang
204;236.96;234.41;228.2;0.75;9.85;5.69;168.83;2193.49;1233.54;50.86;50.47;50.01;1.25;5.43;0.138121547;1.813996317;1.047882136;57.45856354;Sangat Tidak Seimbang
205;228.19;230.54;222.72;9.88;8.27;2.67;2141.79;1811.24;564.93;50.99;50.33;49.88;1.36;6.94;1.423631124;1.191642651;0.384726225;41.01825168;Sangat Tidak Seimbang
206;210.28;214.88;232.09;0.27;6.29;0.23;53.94;1284.02;50.71;49.35;49.95;49.21;3.8;2.263333333;0.119293078;2.779086892;0.101620029;118.6057928;Sangat Tidak Seimbang
207;213.04;237.33;238.03;2.65;9.96;1.73;536.33;2245.62;391.2;49.79;50.69;50.28;2.25;4.78;0.554393305;2.083682008;0.361924686;72.24546722;Sangat Tidak Seimbang
208;229.91;234.68;237.77;3;8.29;3;655.24;1848.22;677.64;50.52;50.61;49.43;3.88;4.763333333;0.629811057;1.740377887;0.629811057;49.35852578;Sangat Tidak Seimbang
209;210.15;238.49;223.53;5.33;8.89;5.71;1064.09;2014.17;1212.54;50.39;50.17;50.24;0.33;6.643333333;0.802308078;1.338183643;0.859508279;22.54557618;Tidak Seimbang
210;214.82;231.77;213.4;6.1;9.98;8.58;1244.88;2197.41;1739.42;49.31;50.74;50.3;2.44;8.22;0.742092457;1.214111922;1.04379562;17.19383617;Kurang Seimbang
211;226.46;228.4;239.55;2.93;0.65;0.09;630.35;141.04;20.48;50.63;49.41;49.3;0.17;1.223333333;2.395095368;0.53133515;0.073569482;93.00635786;Sangat Tidak Seimbang
212;230.76;222.55;235.17;0.81;5.8;5.02;177.57;1226.25;1121.53;49.45;49.22;49.12;0.31;3.876666667;0.20894239;1.496130696;1.294926913;52.73717398;Sangat Tidak Seimbang
213;229.56;237.98;213.74;9.16;4.31;2.16;1997.63;974.41;438.59;49.45;49.54;50.56;4.53;5.21;1.75815739;0.827255278;0.414587332;50.54382598;Sangat Tidak Seimbang
214;216.73;235.98;237.63;3.75;8.37;7.41;772.1;1876.39;1672.8;50.07;49.11;49.92;0.7;6.51;0.576036866;1.285714286;1.138248848;28.26420891;Sangat Tidak Seimbang
215;231.37;211.36;236.1;5.84;2.01;6.59;1283.64;403.59;1478.1;50.19;50.06;49.12;2.66;4.813333333;1.213296399;0.417590028;1.369113573;38.82733149;Sangat Tidak Seimbang
216;217.12;210.79;225.57;9.54;7.93;0.55;1967.76;1587.99;117.86;50.16;50.87;50.99;2.06;6.006666667;1.588235294;1.320199778;0.091564928;60.56233814;Sangat Tidak Seimbang
217;219.76;221.29;227.74;8.54;4.33;6.83;1782.91;910.28;1477.69;49.18;49.08;49.12;1.74;6.566666667;1.300507614;0.659390863;1.040101523;22.7072758;Tidak Seimbang
218;232.39;234.32;221.97;9.49;4.16;5.52;2095.11;926.03;1164.01;50.75;49.24;50.39;4.5;6.39;1.48513302;0.651017214;0.863849765;32.34220136;Sangat Tidak Seimbang
219;229.49;239.62;211.64;6.6;9.87;2.73;1438.9;2246.8;548.89;49.53;49.9;50.97;0.11;6.4;1.03125;1.5421875;0.4265625;38.22916667;Sangat Tidak Seimbang
220;235.48;214.51;220.06;8.78;4.39;4.35;1964.14;894.61;909.4;49.26;50.87;49.48;3.32;5.84;1.503424658;0.751712329;0.744863014;33.56164384;Sangat Tidak Seimbang
221;229.73;227.82;234.09;9.74;9.04;0.78;2125.69;1956.52;173.46;50.78;49.63;49.28;4.82;6.52;1.493865031;1.386503067;0.119631902;58.69120654;Sangat Tidak Seimbang
222;227.05;221.43;210.14;0.96;4.59;8.25;207.07;965.55;1646.97;50.91;50.01;49.24;2.8;4.6;0.208695652;0.997826087;1.793478261;52.89855072;Sangat Tidak Seimbang
223;212.81;239.1;220;1.68;6.49;9.99;339.64;1474.17;2087.91;50.72;49.08;49.61;4.68;6.053333333;0.27753304;1.072136564;1.650330396;48.16446402;Sangat Tidak Seimbang
224;221.03;235.26;221.95;8.93;2.72;9.66;1875.11;607.91;2036.84;50.62;49.3;49.2;0.26;7.103333333;1.257156265;0.382918817;1.359924918;41.1387455;Sangat Tidak Seimbang
225;217.96;235.15;226.12;0.94;0.01;5.04;194.64;2.23;1082.66;50.31;50.97;50.38;2.09;1.996666667;0.470784641;0.005008347;2.524207012;101.6138008;Sangat Tidak Seimbang
226;217.32;224.06;237.6;5.72;9.17;8.91;1180.92;1951.9;2011.17;50.1;50.93;49.12;1.3;7.933333333;0.721008403;1.155882353;1.123109244;18.59943978;Kurang Seimbang
227;239.19;222.44;220.39;0.04;6.06;3.69;9.09;1280.59;772.58;49.17;49.01;50.02;3.65;3.263333333;0.012257406;1.856996936;1.130745659;65.8495063;Sangat Tidak Seimbang
228;221.79;218.2;220.41;7.17;4.97;9.58;1510.72;1030.23;2005.95;49.82;50.9;50.99;4.91;7.24;0.990331492;0.686464088;1.32320442;21.54696133;Tidak Seimbang
229;236.76;211.69;232.13;2.9;6.73;9.44;652.27;1353.44;2081.74;49.75;50.28;50.63;1.28;6.356666667;0.456213949;1.058730991;1.48505506;36.25240343;Sangat Tidak Seimbang
230;228.93;235.94;223.57;3.46;4.94;8.31;752.49;1107.27;1764.97;49.52;50.74;50.23;3.27;5.57;0.621184919;0.886894075;1.491921005;32.79473369;Sangat Tidak Seimbang
231;233.84;234.39;216.74;8.15;4.97;1.99;1810.51;1106.67;409.75;50.45;49.91;49.61;0.99;5.036666667;1.618133686;0.986763733;0.395102581;41.20891242;Sangat Tidak Seimbang
232;225.08;239.99;223.57;6.85;3.57;8.7;1464.71;813.93;1847.81;49.99;50.03;50.25;2.83;6.373333333;1.074790795;0.560146444;1.365062762;29.32357043;Sangat Tidak Seimbang
233;227.31;239.9;214.23;6.9;9.67;0.08;1490.02;2203.84;16.28;49.16;49.98;50.05;2.32;5.55;1.243243243;1.742342342;0.014414414;65.70570571;Sangat Tidak Seimbang
234;224.78;226.66;215.29;7.47;1.25;7.97;1595.15;269.16;1630.07;49.44;50.33;49.85;4.86;5.563333333;1.342720192;0.22468544;1.432594368;51.68763731;Sangat Tidak Seimbang
235;215.86;233.07;224.95;3.16;9.55;3.87;648.01;2114.53;827.03;50.37;49.28;49.26;3.04;5.526666667;0.571773221;1.727985525;0.700241255;48.53236832;Sangat Tidak Seimbang
236;231.67;238.34;222.57;0.26;8.58;7.06;57.22;1942.71;1492.78;49.15;49.06;50.77;1.75;5.3;0.049056604;1.618867925;1.332075472;63.39622642;Sangat Tidak Seimbang
237;218.42;235.49;237.45;1.49;0.76;2.61;309.17;170.02;588.76;50.7;49.62;49.9;0.57;1.62;0.919753086;0.469135802;1.611111111;40.74074074;Sangat Tidak Seimbang
238;210.73;217.42;220.87;4.69;0.95;0.48;938.91;196.22;100.72;49.99;50.41;49.39;0.76;2.04;2.299019608;0.465686275;0.235294118;86.60130719;Sangat Tidak Seimbang
239;229.36;223.52;227.42;4.06;3.78;6.95;884.64;802.66;1501.54;49.96;49.4;49.74;1.13;4.93;0.823529412;0.76673428;1.409736308;27.31575389;Sangat Tidak Seimbang
240;215.31;213.87;228.97;5.3;9.55;8.15;1084.09;1940.34;1772.8;50.18;50.35;49.83;1.25;7.666666667;0.691304348;1.245652174;1.063043478;20.57971014;Tidak Seimbang
241;238.21;238.62;210.39;7.58;4.16;7.12;1715.35;943.03;1423.08;50.65;50.94;50.66;4.25;6.286666667;1.205726405;0.661717922;1.132555673;22.55213856;Tidak Seimbang
242;238.62;228.19;229.91;9.33;5.77;6.28;2115.01;1250.82;1371.64;49.7;49.19;50.47;2.81;7.126666667;1.309167446;0.809635173;0.881197381;20.61116308;Tidak Seimbang
243;237.45;216.86;215.34;9.94;2.73;5.39;2242.24;562.43;1102.65;50.36;50.35;50.54;2.62;6.02;1.651162791;0.453488372;0.895348837;43.41085271;Sangat Tidak Seimbang
244;221.1;230.15;238.83;9.56;0.3;9.14;2008.03;65.59;2073.76;50.13;49.89;49.02;0.57;6.333333333;1.509473684;0.047368421;1.443157895;63.50877193;Sangat Tidak Seimbang
245;210.46;228.54;214.46;0.87;1.06;7.39;173.95;230.14;1505.62;49.53;50.74;49.83;4.3;3.106666667;0.280042918;0.341201717;2.378755365;91.91702432;Sangat Tidak Seimbang
246;237.85;220.74;222.44;1.93;3.98;4.67;436.1;834.62;986.86;50.76;49.35;49.96;3.61;3.526666667;0.547258979;1.128544423;1.324196597;30.18273472;Sangat Tidak Seimbang
247;222.85;213.41;212.56;0.9;2.88;4.22;190.54;583.89;852.15;50.59;50.39;49.04;0.34;2.666666667;0.3375;1.08;1.5825;44.16666667;Sangat Tidak Seimbang
248;239;230.15;239.91;4.11;1.45;2.77;933.18;317.03;631.32;50.32;50.68;49.52;3.54;2.776666667;1.480192077;0.522208884;0.99759904;32.01280512;Sangat Tidak Seimbang
249;238.91;225.61;225.07;1.17;3.89;7.14;265.55;833.74;1526.65;50.7;50.89;50.52;2.72;4.066666667;0.287704918;0.956557377;1.755737705;50.38251366;Sangat Tidak Seimbang
250;235.59;233.17;227.86;8.17;0.77;5.49;1828.53;170.56;1188.4;50.73;50.37;49.27;0.41;4.81;1.698544699;0.16008316;1.141372141;55.99445599;Sangat Tidak Seimbang
251;218.83;225.6;212.01;0.64;4.89;8.71;133.05;1048.02;1754.28;50.42;49.99;50.07;2.29;4.746666667;0.134831461;1.030196629;1.83497191;57.67790262;Sangat Tidak Seimbang
252;221.55;235.57;232.5;3.13;6.05;3.27;658.78;1353.94;722.26;50.67;50.24;49.43;2.42;4.15;0.754216867;1.457831325;0.787951807;30.52208835;Sangat Tidak Seimbang
253;235.53;226.56;216.3;9.65;4.97;0.02;2159.22;1069.7;4.11;50.39;50.74;49.02;0.83;4.88;1.977459016;1.018442623;0.004098361;66.39344262;Sangat Tidak Seimbang
254;219.51;226.83;236.94;9.24;0.68;5.42;1926.86;146.53;1220;50.36;50.14;49.48;4.73;5.113333333;1.807040417;0.132985658;1.059973924;57.80095611;Sangat Tidak Seimbang
255;215.08;236.3;216.15;0.82;3.87;8.65;167.55;868.76;1776.21;50.24;49.06;50.95;4.25;4.446666667;0.184407796;0.870314843;1.945277361;63.01849075;Sangat Tidak Seimbang
256;226.7;222.1;215.72;9.05;5.95;7.79;1949.05;1255.42;1596.44;50.51;50.86;50.6;3.35;7.596666667;1.191311979;0.783238262;1.025449759;14.45078251;Kurang Seimbang
257;238.08;214.02;211.1;8.89;2.22;9.64;2010.7;451.37;1933.25;49.32;50.38;50.92;2.31;6.916666667;1.285301205;0.320963855;1.39373494;45.26907631;Sangat Tidak Seimbang
258;230.88;210.86;224.16;1.84;0.62;8.46;403.58;124.2;1801.57;50.76;50.35;49.98;2.06;3.64;0.505494505;0.17032967;2.324175824;88.27838828;Sangat Tidak Seimbang
259;227.1;232.65;226.95;3.34;1.31;0.24;720.59;289.53;51.74;50.74;49.43;49.22;3.25;1.63;2.049079755;0.803680982;0.147239264;69.93865031;Sangat Tidak Seimbang
260;212.92;228.61;211.97;3.49;7.16;2.06;705.94;1555.01;414.83;49.06;50.32;50.1;2.73;4.236666667;0.823760818;1.690007868;0.486231314;46.00052452;Sangat Tidak Seimbang
261;228.45;231.12;233.27;8.65;4.22;6.18;1877.29;926.56;1369.53;50.65;49.79;49.91;0.31;6.35;1.362204724;0.664566929;0.973228346;24.14698163;Tidak Seimbang
262;239.7;216.39;223.6;4.14;6.62;0.51;942.74;1360.88;108.33;49.26;50.3;50.69;2.56;3.756666667;1.102040816;1.762200532;0.135758651;57.61608991;Sangat Tidak Seimbang
263;214.2;214.09;225.73;1.82;9.57;4.49;370.35;1946.4;962.85;49.67;49.21;49.2;4.03;5.293333333;0.343828715;1.807934509;0.848236776;53.86230059;Sangat Tidak Seimbang
264;225.55;210.44;223.22;4.42;4.51;0.66;947.08;901.63;139.96;50.49;50.32;49.98;2.3;3.196666667;1.382690302;1.41084463;0.206465068;52.90232881;Sangat Tidak Seimbang
265;236.32;220.52;222.02;1.66;7.8;8.42;372.68;1634.05;1775.94;49.32;51;49.3;0.26;5.96;0.27852349;1.308724832;1.412751678;48.098434;Sangat Tidak Seimbang
266;232.22;227.7;226.79;9.62;3.09;4.6;2122.26;668.41;991.07;50.64;49.1;49.65;3.93;5.77;1.667244367;0.535528596;0.797227036;44.48295783;Sangat Tidak Seimbang
267;230.91;221.77;214.66;6.71;3.36;5.47;1471.94;707.89;1115.48;50.66;50.95;50.47;1.01;5.18;1.295366795;0.648648649;1.055984556;23.42342342;Tidak Seimbang
268;231.07;223.12;215.46;2.1;7.06;8.64;460.98;1496.47;1768.5;50.01;49.81;49.95;1.29;5.933333333;0.353932584;1.18988764;1.456179775;43.07116105;Sangat Tidak Seimbang
269;220.78;237.12;235.85;3.59;8.32;1.16;752.97;1874.2;259.91;49.01;50.74;49.75;0.82;4.356666667;0.824024484;1.909716909;0.266258607;60.64779393;Sangat Tidak Seimbang
270;218.81;220.45;238.38;4.97;5.25;8.68;1033.11;1099.49;1965.68;49.57;50.56;49.79;1.65;6.3;0.788888889;0.833333333;1.377777778;25.18518519;Sangat Tidak Seimbang
271;234.28;225.42;221.2;3.43;9.63;9.39;763.4;2062.25;1973.21;50.23;50.13;49.92;3.78;7.483333333;0.458351893;1.286859688;1.254788419;36.10987379;Sangat Tidak Seimbang
272;234.3;233.51;218.12;9.96;7.34;2.78;2216.95;1628.27;576.05;50.96;50.48;50.57;2.6;6.693333333;1.488047809;1.096613546;0.415338645;38.97742364;Sangat Tidak Seimbang
273;236.01;221.9;229.32;1.76;9.2;9.84;394.61;1939.41;2143.68;50.26;50.76;50.78;1.02;6.933333333;0.253846154;1.326923077;1.419230769;49.74358974;Sangat Tidak Seimbang
274;237.4;228.66;222.26;2.72;6.5;9.87;613.44;1411.98;2084.02;49.52;49.81;50.91;4.39;6.363333333;0.427448926;1.021477213;1.551073861;38.17007159;Sangat Tidak Seimbang
275;225.34;235.87;210.76;3.59;8.67;9.65;768.52;1942.74;1932.14;50.27;49.65;50.57;4.4;7.303333333;0.491556367;1.187129165;1.321314468;33.8962422;Sangat Tidak Seimbang
276;225.05;238.49;214.68;0.13;4.08;7.03;27.79;924.39;1433.74;50.08;50.34;49.63;4.35;3.746666667;0.034697509;1.088967972;1.87633452;64.35349941;Sangat Tidak Seimbang
277;233.95;214.41;231.48;8.38;4.2;5.59;1862.48;855.5;1229.27;50.56;50.62;50.38;1.19;6.056666667;1.38359934;0.693450743;0.922949917;25.5732893;Sangat Tidak Seimbang
278;229.5;237.8;229.77;1.65;9.82;5.5;359.74;2218.44;1200.55;49.21;50.52;49.88;2.26;5.656666667;0.29169122;1.736004714;0.972304066;49.06698095;Sangat Tidak Seimbang
279;231.06;224.76;210.81;7.55;3.92;7.56;1657.28;837.01;1514.04;50.52;50.6;49.51;4.92;6.343333333;1.190225959;0.617971624;1.191802417;25.46855842;Sangat Tidak Seimbang
280;233.87;217.75;216.66;1.54;3.15;1.63;342.15;651.62;335.5;50.08;49.87;50.68;3.86;2.106666667;0.731012658;1.495253165;0.773734177;33.01687764;Sangat Tidak Seimbang
281;236.7;223.77;216.93;2.77;1.33;2.02;622.88;282.73;416.29;50.93;50.64;49.08;0.14;2.04;1.357843137;0.651960784;0.990196078;23.85620915;Tidak Seimbang
282;220.14;239.4;230.16;2.27;3.06;6.41;474.73;695.94;1401.56;49.68;49.24;50.8;0.33;3.913333333;0.580068143;0.781942078;1.637989779;42.5326519;Sangat Tidak Seimbang
283;221.27;224.78;210.59;6.1;2.69;8;1282.26;574.43;1600.48;50.27;50.09;49.92;2.32;5.596666667;1.089934485;0.48064324;1.429422275;34.623784;Sangat Tidak Seimbang
284;212.82;219.86;213.12;0.92;3.53;4.99;186;737.3;1010.3;50.86;49.01;50.27;4.55;3.146666667;0.292372881;1.121822034;1.585805085;47.17514124;Sangat Tidak Seimbang
285;227.35;229;234;3.23;3.85;7.82;697.62;837.57;1738.39;49.21;49.65;50.32;2.69;4.966666667;0.65033557;0.775167785;1.574496644;38.29977629;Sangat Tidak Seimbang
286;211.08;217.2;215.36;0.61;0.62;2.6;122.32;127.93;531.94;50.87;49.73;50.79;2.49;1.276666667;0.477806789;0.485639687;2.036553525;69.10356832;Sangat Tidak Seimbang
287;223.97;212.28;229.58;2.12;1.55;7.28;451.08;312.58;1587.78;50.38;49.79;50.27;0.53;3.65;0.580821918;0.424657534;1.994520548;66.30136986;Sangat Tidak Seimbang
288;226.28;213.87;217.15;6.56;2.84;2.71;1410.18;577.02;559.05;49.14;50.39;50.23;3.28;4.036666667;1.62510322;0.703550784;0.671345995;41.67354803;Sangat Tidak Seimbang
289;218.6;213.84;212.98;0.08;4.74;0.65;16.61;962.92;131.52;49.6;49.78;49.13;4.11;1.823333333;0.043875686;2.599634369;0.356489945;106.6422913;Sangat Tidak Seimbang
290;227.72;214.56;217.3;7.1;0.37;3.6;1535.97;75.42;743.17;50.42;49.9;50.04;1.9;3.69;1.924119241;0.100271003;0.975609756;61.60794941;Sangat Tidak Seimbang
291;210.92;214.16;231.67;1.06;5.25;6.59;212.4;1068.12;1450.37;49.13;49.48;49.3;3.88;4.3;0.246511628;1.220930233;1.53255814;50.23255814;Sangat Tidak Seimbang
292;211.12;229.23;235.67;2.22;7.97;5.23;445.25;1735.61;1170.93;50.16;49.75;50.47;4.82;5.14;0.431906615;1.550583658;1.017509728;37.87289235;Sangat Tidak Seimbang
293;234.68;215.46;234.91;5.64;6.93;1.68;1257.42;1418.48;374.92;49.69;49.45;50.02;1.02;4.75;1.187368421;1.458947368;0.353684211;43.0877193;Sangat Tidak Seimbang
294;220.81;220.37;221.92;6.03;6.79;9.66;1264.91;1421.5;2036.56;50.24;49.15;50.36;2.62;7.493333333;0.804715302;0.90613879;1.289145907;19.27639383;Kurang Seimbang
295;213.81;236.9;230.04;8.45;1.28;4.2;1716.36;288.07;917.86;49.09;50.21;49.08;1.44;4.643333333;1.819813352;0.275664034;0.904522613;54.6542235;Sangat Tidak Seimbang
296;225.67;224.22;216.15;8.77;1.89;2.4;1880.17;402.59;492.82;50.74;50.34;49.17;3.96;4.353333333;2.014548239;0.434150077;0.551301685;67.63654926;Sangat Tidak Seimbang
297;233.1;230.03;218.79;3.11;3.77;0.41;688.69;823.85;85.22;50.95;50.24;50.43;2.89;2.43;1.279835391;1.551440329;0.16872428;55.41838134;Sangat Tidak Seimbang
298;216.47;215.17;236.89;8.11;6.23;0.82;1667.79;1273.48;184.54;50.94;49.93;49.14;3.17;5.053333333;1.604881266;1.232849604;0.162269129;55.84872471;Sangat Tidak Seimbang
299;228.69;215.77;210.39;0.06;2.01;5.05;13.04;412.01;1009.35;50.5;49.76;49.14;3.99;2.373333333;0.025280899;0.846910112;2.127808989;75.18726592;Sangat Tidak Seimbang
300;212.56;211.23;212.57;1.63;2.61;1.61;329.15;523.74;325.13;49.26;50.73;49.02;1.98;1.95;0.835897436;1.338461538;0.825641026;22.56410256;Tidak Seimbang
301;229.06;235.48;224.30;4.59;6.68;6.39;1051.51;1574.03;1433.19;50.42;50.87;49.55;4.80;5.88817186;0.779608936;1.135228122;1.085162943;14.69273761;Kurang Seimbang
302;210.04;228.91;217.35;7.93;5.79;5.42;1666.21;1324.68;1177.12;50.86;50.69;49.23;1.40;6.378487501;1.243662063;0.907264855;0.849073083;16.2441375;Kurang Seimbang
303;237.47;214.83;216.41;8.51;7.81;5.90;2019.76;1677.06;1276.73;49.54;49.78;49.04;3.61;7.403770402;1.148791251;1.054362191;0.796846558;13.54356277;Kurang Seimbang
304;227.04;223.82;219.73;0.54;0.77;0.78;121.84;172.03;171.26;49.13;50.33;49.28;2.33;0.69490601;0.772285467;1.106078506;1.121636027;15.18096888;Kurang Seimbang
305;239.57;212.11;210.86;8.20;5.97;6.04;1965.26;1265.86;1272.87;50.64;50.65;50.33;0.30;6.73591438;1.217862481;0.885972025;0.896165494;14.52416541;Kurang Seimbang
306;235.02;236.04;224.09;9.29;8.96;6.41;2183.60;2115.23;1437.23;50.76;50.02;50.56;0.24;8.221927322;1.130022411;1.089923392;0.780054196;14.66305358;Kurang Seimbang
307;224.68;225.18;223.77;5.09;7.89;7.36;1144.31;1775.67;1646.34;49.06;50.25;50.49;2.13;6.778619175;0.751335739;1.163316759;1.085347502;16.57761742;Kurang Seimbang
308;222.94;229.54;222.13;3.83;5.42;5.84;853.94;1243.32;1297.53;49.21;49.99;50.91;1.65;5.029380535;0.761607419;1.076969066;1.161423516;15.89283875;Kurang Seimbang
309;230.45;233.92;216.29;4.78;5.91;7.43;1101.64;1383.14;1607.89;50.81;49.48;50.93;2.08;6.042382525;0.791156304;0.978551667;1.230292029;15.35280196;Kurang Seimbang
310;232.79;236.38;217.76;5.71;5.50;3.95;1330.17;1299.65;861.01;50.96;50.17;50.80;3.38;5.055394007;1.130296581;1.087587437;0.782115982;14.52560119;Kurang Seimbang
311;221.90;230.67;216.43;6.99;8.62;5.50;1551.81;1989.47;1189.67;49.10;50.59;49.83;4.35;7.038362539;0.993598751;1.225419075;0.780982175;15.02793831;Kurang Seimbang
312;213.07;234.54;236.29;6.13;5.29;7.80;1305.66;1240.04;1843.40;50.85;50.90;49.09;4.33;6.405473757;0.956652056;0.825418918;1.217929026;14.52860177;Kurang Seimbang
313;237.90;218.63;237.81;4.02;4.71;5.95;956.28;1030.05;1414.85;50.15;49.91;49.60;4.70;4.893561365;0.821412786;0.962797345;1.215789868;14.38599121;Kurang Seimbang
314;220.21;227.75;239.08;8.68;5.90;7.88;1911.14;1343.53;1884.94;50.93;49.97;50.87;0.69;7.487355602;1.159125793;0.78787012;1.053004087;14.14199201;Kurang Seimbang
315;218.64;211.92;224.63;6.51;4.71;4.83;1422.51;998.55;1084.30;50.72;49.88;50.16;4.69;5.34840038;1.216472197;0.880992883;0.90253492;14.4314798;Kurang Seimbang
316;233.97;232.90;224.68;2.96;2.61;3.81;692.50;608.41;855.64;49.06;50.63;50.94;1.72;3.126757946;0.946596337;0.835465254;1.217938409;14.52922724;Kurang Seimbang
317;239.46;235.59;213.80;6.95;6.86;9.52;1664.62;1615.06;2036.20;49.67;50.31;49.12;2.97;7.776951322;0.89386555;0.881519925;1.224614526;14.97430171;Kurang Seimbang
318;228.78;222.84;235.42;4.29;5.86;6.78;981.75;1305.87;1597.09;50.67;50.92;50.60;1.05;5.64515612;0.760164847;1.038073437;1.201761717;15.98901022;Kurang Seimbang
319;231.03;232.15;236.75;7.09;5.18;8.29;1637.18;1202.32;1961.98;49.53;49.24;49.14;2.62;6.8508589;1.034400425;0.755969961;1.209629613;16.26866926;Kurang Seimbang
320;226.21;218.03;218.61;9.62;9.00;6.47;2175.60;1962.19;1414.79;49.79;49.10;49.43;2.26;8.363026314;1.150016849;1.076117586;0.773865565;15.07562897;Kurang Seimbang
321;218.88;223.44;237.54;6.28;8.26;5.39;1373.75;1844.95;1279.31;50.15;49.71;50.22;3.17;6.639712119;0.945264578;1.243594139;0.811141284;16.23960924;Kurang Seimbang
322;220.64;234.47;215.26;9.48;6.68;6.86;2091.10;1566.27;1477.66;49.90;50.67;50.78;4.80;7.674158604;1.23500436;0.870478569;0.894517071;15.66695736;Kurang Seimbang
323;211.57;213.70;217.79;7.49;5.77;8.75;1584.81;1232.79;1904.71;50.07;49.39;50.81;2.21;7.335033143;1.021237182;0.78647665;1.192286168;14.23488999;Kurang Seimbang
324;226.43;211.20;232.32;4.73;4.11;6.01;1072.06;868.15;1396.20;50.79;49.62;49.49;1.27;4.951679151;0.956144046;0.83014726;1.213708694;14.24724626;Kurang Seimbang
325;235.88;216.08;220.03;6.25;4.87;7.84;1473.28;1052.67;1724.57;50.25;49.85;49.09;4.93;6.318504572;0.988504869;0.771012301;1.24048283;16.03218865;Kurang Seimbang
326;224.92;218.68;230.55;4.46;6.37;6.91;1004.00;1392.41;1593.24;49.48;50.60;50.89;1.36;5.913835952;0.75480289;1.07667106;1.16852605;16.34647401;Kurang Seimbang
327;229.92;225.34;226.04;6.25;4.32;5.03;1437.44;972.40;1136.42;50.84;50.41;50.92;1.68;5.198268121;1.202693626;0.830139336;0.967167038;13.51290838;Kurang Seimbang
328;212.45;216.94;212.69;9.64;6.80;6.83;2047.07;1475.72;1451.65;50.83;50.15;49.70;4.50;7.754410006;1.242575504;0.877255136;0.880169361;16.17170025;Kurang Seimbang
329;225.79;237.52;219.19;5.94;8.92;7.76;1341.48;2117.55;1701.18;50.10;50.52;50.03;2.17;7.539221128;0.788054028;1.18250649;1.029439482;14.12973146;Kurang Seimbang
330;211.61;226.95;239.18;6.74;9.28;9.68;1425.52;2105.64;2314.52;49.09;49.26;50.05;1.72;8.563806238;0.786622598;1.08340442;1.129972982;14.22516015;Kurang Seimbang
331;218.12;227.20;210.39;6.43;7.47;9.66;1402.83;1698.22;2031.58;50.32;50.61;50.21;3.19;7.85402195;0.818883379;0.951663833;1.229452788;15.29685254;Kurang Seimbang
332;234.10;237.38;212.13;6.55;6.07;4.47;1532.81;1441.81;948.75;50.21;49.63;50.93;2.86;5.698010381;1.149139643;1.065938588;0.784921769;14.33854871;Kurang Seimbang
333;231.94;217.72;236.24;8.08;5.28;6.56;1873.71;1149.36;1548.85;49.02;50.31;49.05;1.36;6.637888166;1.217005215;0.795308084;0.9876867;14.46701436;Kurang Seimbang
334;216.44;238.15;228.44;2.45;1.60;2.30;531.29;380.70;525.51;49.28;49.22;49.04;3.42;2.117895756;1.159001793;0.754798602;1.086199605;16.34675986;Kurang Seimbang
335;234.87;227.45;226.08;6.05;9.37;7.50;1420.57;2130.70;1694.68;49.26;50.55;50.40;2.22;7.637301503;0.791958827;1.226566384;0.981474789;15.10442558;Kurang Seimbang
336;236.21;213.49;238.88;9.14;6.70;6.99;2158.31;1430.06;1668.58;50.60;49.76;50.83;0.57;7.606928277;1.201157883;0.880587897;0.91825422;13.41052556;Kurang Seimbang
337;235.53;214.12;214.01;7.21;6.12;4.67;1697.81;1310.31;999.56;49.48;50.34;50.55;2.05;5.999521664;1.201503335;1.019984604;0.778512061;14.76586257;Kurang Seimbang
338;216.69;222.32;214.06;5.74;4.27;6.18;1242.99;949.68;1323.84;50.45;50.60;49.95;2.90;5.397419915;1.062796086;0.791413033;1.14579088;13.90579778;Kurang Seimbang
339;211.91;222.89;223.28;5.40;6.49;8.18;1143.46;1447.42;1827.01;50.75;50.70;50.84;1.93;6.690898243;0.806480763;0.970571794;1.222947442;14.86316283;Kurang Seimbang
340;210.88;228.79;217.36;4.79;7.47;6.71;1010.85;1710.18;1457.76;50.31;50.64;49.88;1.18;6.32502676;0.757859851;1.1817818;1.060358349;16.14267661;Kurang Seimbang
341;232.66;210.54;237.03;4.62;3.13;4.21;1074.35;658.93;998.30;49.51;50.35;49.57;4.29;3.986331675;1.158376149;0.785099988;1.056523863;14.32666743;Kurang Seimbang
342;227.58;210.92;216.72;8.94;5.49;7.39;2033.62;1157.52;1602.31;49.17;50.93;50.66;3.52;7.272382902;1.228725347;0.754615774;1.016658879;16.35894843;Kurang Seimbang
343;239.32;224.67;217.94;6.64;8.36;5.34;1589.38;1877.96;1164.68;49.31;50.81;49.80;2.56;6.781330887;0.9793431;1.23261749;0.78803941;15.50783266;Kurang Seimbang
344;237.47;214.44;222.66;9.13;7.62;5.71;2167.21;1634.59;1272.22;50.52;49.89;49.01;4.28;7.487509785;1.21885896;1.018045607;0.763095434;15.79363776;Kurang Seimbang
345;223.48;232.99;224.28;6.99;6.16;4.44;1562.34;1436.40;995.40;50.62;50.44;50.52;3.82;5.86470877;1.192053398;1.051192973;0.756753628;16.21642479;Kurang Seimbang
346;226.30;214.20;222.91;6.80;4.96;7.16;1538.02;1061.73;1596.69;49.10;50.79;50.89;3.34;6.305399956;1.077877475;0.786095911;1.136026613;14.26027259;Kurang Seimbang
347;220.14;219.42;213.32;6.76;4.62;6.97;1487.33;1014.12;1486.91;49.25;50.36;49.16;1.97;6.116166916;1.104667447;0.755663011;1.139669542;16.2891326;Kurang Seimbang
348;222.34;222.45;225.01;4.84;6.79;7.18;1075.72;1509.94;1615.61;50.83;49.49;50.42;2.53;6.26872671;0.771786877;1.082795017;1.145418106;15.21420821;Kurang Seimbang
349;223.37;227.00;219.96;4.98;4.35;3.13;1113.46;986.97;689.47;49.43;50.93;49.82;0.24;4.155816651;1.199501161;1.046229245;0.754269594;16.38202706;Kurang Seimbang
350;212.41;217.91;234.81;5.92;9.26;8.23;1257.59;2017.46;1931.29;49.86;50.85;50.06;0.01;7.801324023;0.758931995;1.186759471;1.054308534;16.07120033;Kurang Seimbang
351;225.87;222.36;231.52;4.27;6.97;5.60;964.73;1550.12;1295.38;49.77;49.11;49.42;4.03;5.612538025;0.761006838;1.24210161;0.996891552;16.14010733;Kurang Seimbang
352;220.79;239.96;213.90;1.73;1.45;2.25;381.38;346.86;482.29;50.35;49.89;50.55;1.72;1.809172506;0.954755322;0.798986889;1.246257789;16.41718593;Kurang Seimbang
353;224.50;221.16;230.09;1.14;1.68;1.58;255.53;372.26;362.61;49.80;50.67;49.27;4.03;1.465811508;0.776519133;1.148344019;1.075136847;14.89872445;Kurang Seimbang
354;238.08;220.46;218.47;7.59;6.00;9.61;1807.14;1322.42;2099.54;49.31;49.86;49.26;0.06;7.733079485;0.981543903;0.775699415;1.242756682;16.1837788;Kurang Seimbang
355;229.29;221.76;221.43;6.58;7.20;9.73;1509.03;1595.85;2154.68;50.26;50.51;49.99;3.29;7.836087904;0.839872136;0.918358594;1.24176927;16.11795133;Kurang Seimbang
356;213.06;215.41;212.43;5.05;5.19;7.17;1075.45;1117.07;1522.50;49.35;49.33;49.80;2.62;5.800250083;0.870261288;0.894065173;1.235673539;15.71156926;Kurang Seimbang
357;232.79;234.22;227.90;8.02;5.39;6.02;1866.95;1263.45;1371.79;50.19;50.18;50.03;0.40;6.477774546;1.238049309;0.832736533;0.929214158;15.86995396;Kurang Seimbang
358;233.37;214.71;223.38;8.89;7.35;5.51;2075.13;1579.12;1230.61;49.65;49.53;50.95;1.54;7.251867124;1.22614679;1.014181168;0.759672042;16.02186383;Kurang Seimbang
359;234.89;238.19;234.29;7.57;8.43;5.51;1778.14;2008.61;1290.68;50.63;50.38;50.18;1.29;7.170562752;1.055709061;1.176026229;0.76826471;15.44901934;Kurang Seimbang
360;211.87;218.14;239.68;3.84;5.33;5.36;812.86;1162.60;1283.75;49.30;50.51;49.40;0.81;4.840770716;0.792555623;1.10100177;1.106442607;13.82962512;Kurang Seimbang
361;217.62;222.88;217.88;5.00;6.40;4.17;1088.98;1427.19;909.42;50.44;50.35;49.32;0.09;5.193756478;0.96347662;1.232888813;0.803634567;15.52592087;Kurang Seimbang
362;226.62;225.83;210.85;7.30;6.41;9.58;1653.53;1447.86;2018.87;49.49;49.01;49.44;3.40;7.760899083;0.940147636;0.82609823;1.233754134;15.58360891;Kurang Seimbang
363;217.36;223.18;235.22;6.39;5.12;4.01;1388.75;1142.97;942.39;49.17;50.08;49.74;2.33;5.172344255;1.235280615;0.99013696;0.774582425;15.68537434;Kurang Seimbang
364;215.25;233.16;215.19;3.80;5.77;5.25;817.56;1344.72;1128.95;49.88;49.99;49.94;4.19;4.937263381;0.769286163;1.168139878;1.062573959;15.38092248;Kurang Seimbang
365;225.64;211.39;224.96;6.63;5.00;7.99;1496.42;1056.00;1796.49;49.58;49.17;50.53;0.11;6.537758185;1.014391879;0.764118147;1.221489974;15.72545688;Kurang Seimbang
366;231.92;216.12;222.77;6.10;9.30;8.69;1413.84;2010.34;1934.91;50.80;49.38;49.25;0.51;8.028024356;0.759373668;1.158685021;1.081941311;16.04175548;Kurang Seimbang
367;223.72;226.61;212.62;8.82;9.55;6.17;1972.41;2164.01;1312.43;50.94;50.35;50.90;0.96;8.179571787;1.077872305;1.16746864;0.754659055;16.35606298;Kurang Seimbang
368;231.73;218.06;223.66;7.26;9.58;6.22;1681.46;2088.00;1392.15;50.16;50.54;50.67;4.93;7.685217728;0.944154327;1.245930629;0.809915044;16.39537525;Kurang Seimbang
369;222.05;223.40;220.68;8.14;5.86;6.14;1807.50;1308.40;1354.87;49.52;50.20;50.42;2.29;6.71211778;1.212733203;0.87257424;0.914692557;14.18221353;Kurang Seimbang
370;235.44;219.61;216.19;1.87;2.91;2.23;440.27;639.42;482.27;50.22;49.92;49.86;1.73;2.337449771;0.800008265;1.24563201;0.954359725;16.37546733;Kurang Seimbang
371;226.67;228.63;232.81;5.01;5.14;7.22;1134.71;1175.50;1681.84;50.77;49.53;49.20;1.43;5.790546824;0.86449732;0.887923769;1.247578912;16.50526079;Kurang Seimbang
372;236.77;229.46;237.77;7.55;8.61;5.47;1786.87;1976.30;1301.22;49.81;49.28;50.51;0.64;7.210743871;1.046611901;1.194436028;0.758952071;16.06986193;Kurang Seimbang
373;227.54;212.92;217.10;4.14;6.48;5.51;941.09;1378.86;1195.22;50.92;50.32;50.76;4.85;5.372377642;0.769864626;1.20539846;1.024736914;15.34235829;Kurang Seimbang
374;230.23;214.31;228.33;6.77;4.24;5.87;1559.35;907.82;1339.60;49.19;49.71;50.64;3.41;5.625354562;1.204038214;0.753020797;1.042940989;16.4652802;Kurang Seimbang
375;220.53;218.54;214.23;7.49;7.59;5.38;1652.45;1657.67;1152.93;49.83;50.53;50.08;2.76;6.820028661;1.098668985;1.112213035;0.78911798;14.05880136;Kurang Seimbang
376;215.53;225.00;215.17;5.70;8.34;6.15;1229.38;1877.24;1323.18;49.17;50.07;50.14;2.13;6.732293764;0.847268195;1.239289634;0.913442171;15.95264224;Kurang Seimbang
377;231.09;233.71;215.61;7.02;5.35;4.62;1621.70;1249.97;996.21;50.59;49.83;50.96;3.95;5.662093565;1.239381447;0.944598968;0.816019585;15.95876313;Kurang Seimbang
378;222.48;212.66;219.20;8.10;9.24;6.26;1802.84;1964.73;1372.25;49.89;49.47;50.95;4.04;7.867528709;1.029987119;1.174300557;0.795712324;13.61917839;Kurang Seimbang
379;215.39;223.45;234.60;7.18;9.71;7.07;1546.24;2169.75;1657.89;50.71;49.67;49.16;3.39;7.985282747;0.899015304;1.216003277;0.884981419;14.40021847;Kurang Seimbang
380;224.15;238.06;237.86;6.26;9.46;7.45;1403.91;2250.90;1771.05;50.04;50.30;49.99;2.27;7.721360634;0.811164241;1.224541778;0.96429398;14.96945189;Kurang Seimbang
381;224.19;238.08;231.91;6.41;9.22;9.47;1436.87;2194.88;2196.03;49.21;49.12;49.40;1.19;8.365928953;0.76610348;1.101986483;1.131910037;15.5931013;Kurang Seimbang
382;229.15;237.66;218.55;5.70;9.26;7.84;1306.36;2200.31;1714.16;50.86;50.11;50.09;0.05;7.600850113;0.750025623;1.218053528;1.031920849;16.66495849;Kurang Seimbang
383;217.04;220.52;228.71;9.93;6.37;8.11;2155.93;1405.63;1853.78;50.93;49.91;50.86;3.80;8.137548624;1.220650232;0.783307461;0.996042307;14.71001545;Kurang Seimbang
384;230.42;211.93;222.12;3.77;5.51;4.23;868.64;1166.97;939.87;49.55;49.27;49.39;3.64;4.502500514;0.837281555;1.222940763;0.939777681;14.86271754;Kurang Seimbang
385;222.76;225.81;221.48;6.56;8.57;9.88;1460.32;1934.51;2188.85;51.00;50.04;49.70;4.94;8.335223887;0.786499549;1.027815014;1.185685437;14.23336338;Kurang Seimbang
386;219.73;219.74;226.24;6.55;9.51;9.21;1439.45;2089.05;2083.16;49.12;49.61;50.96;1.29;8.421916901;0.777855986;1.128826095;1.093317918;14.80960091;Kurang Seimbang
387;213.84;230.70;233.62;4.93;7.63;6.11;1054.79;1759.88;1427.63;50.15;50.78;50.27;1.07;6.223933885;0.792519493;1.225652183;0.981828324;15.04347889;Kurang Seimbang
388;222.90;218.73;234.69;6.15;3.82;5.22;1369.77;835.22;1225.98;50.16;50.96;49.18;4.34;5.062561599;1.21387758;0.754254531;1.031867889;16.38303124;Kurang Seimbang
389;239.80;212.36;234.97;5.77;7.80;5.20;1383.43;1655.82;1222.19;49.79;49.98;50.94;3.39;6.255973145;0.922181457;1.246396036;0.831422507;16.4264024;Kurang Seimbang
390;226.35;232.68;229.48;3.23;3.37;2.35;730.92;784.92;540.16;49.15;50.36;49.59;1.77;2.985448803;1.081641047;1.129916716;0.788442237;14.10385086;Kurang Seimbang
391;237.72;226.46;231.89;6.21;4.49;6.97;1476.81;1016.34;1615.79;49.36;49.99;49.34;3.20;5.889381037;1.054846286;0.762044967;1.183108747;15.86366888;Kurang Seimbang
392;232.32;224.65;217.27;7.12;8.79;5.37;1653.66;1974.62;1166.57;49.65;50.08;49.69;0.73;7.092409627;1.003616255;1.239342208;0.757041536;16.19723091;Kurang Seimbang
393;234.37;232.18;235.82;6.15;8.94;6.53;1441.06;2075.97;1540.43;49.84;50.71;49.11;0.50;7.20731491;0.85311946;1.240549927;0.906330613;16.03666177;Kurang Seimbang
394;222.93;215.84;238.70;6.09;8.64;6.09;1358.19;1865.27;1453.21;50.22;49.56;49.14;2.69;6.940889199;0.877770694;1.245093563;0.877135744;16.33957085;Kurang Seimbang
395;237.77;234.34;221.70;6.77;6.26;4.68;1610.46;1466.90;1036.43;50.43;49.69;50.72;3.10;5.902695916;1.147491432;1.060496272;0.792012296;13.86584693;Kurang Seimbang
396;233.08;216.72;224.76;7.80;6.79;5.00;1818.60;1471.28;1124.20;50.44;50.41;49.48;2.00;6.531004737;1.19466339;1.039471236;0.765865374;15.60897505;Kurang Seimbang
397;221.09;230.11;217.69;5.63;4.23;3.84;1244.99;972.56;835.37;50.05;49.56;50.19;1.85;4.564981248;1.233534849;0.925846071;0.84061908;15.56898991;Kurang Seimbang
398;235.70;218.50;214.55;9.58;7.65;6.72;2257.85;1671.03;1442.04;49.52;50.48;50.27;3.82;7.982698434;1.200024737;0.95801543;0.841959833;13.33498247;Kurang Seimbang
399;227.59;211.73;238.24;4.23;4.47;5.83;962.63;945.49;1388.89;49.38;50.23;50.99;2.29;4.841630634;0.873588494;0.922312921;1.204098585;13.60657234;Kurang Seimbang
400;226.41;237.11;234.03;6.62;9.88;7.52;1498.13;2341.70;1760.46;50.82;49.49;49.82;1.08;8.005085462;0.826585257;1.233720341;0.939694402;15.58135605;Kurang Seimbang
